-- 初始化标签数据
INSERT INTO tag (id, title, color) VALUES 
(1, '非紧急', '#9FE7B4FF'),
(2, '进行中', '#61BD4FFF'),
(3, '高优先级', '#FF6B6BFF'),
(4, '设计', '#4ECDC4FF'),
(5, '开发', '#45B7D1FF'),
(6, '测试', '#FFA07AFF');

-- 初始化空间数据
INSERT INTO space (id, title, user_id, canceled, sort, color, sort_by) VALUES 
(1, 'Trello 新手指南', '1', false, 1, '#F6E88BFF', 'created_date'),
(2, '开发任务', '1', false, 2, '#E8F4FD', 'priority'),
(3, '设计工作', '1', false, 3, '#FFF2E8', 'due_date'),
(4, '测试计划', '1', false, 4, '#E8F5E8', 'created_date'),
(5, '产品规划', '1', false, 5, '#F0E8FF', 'priority'),
(6, '市场推广', '1', false, 6, '#FFE8F0', 'due_date'),
(7, '客户反馈', '1', false, 7, '#E8FFFF', 'created_date'),
(8, '技术研究', '1', false, 8, '#FFF8E8', 'priority'),
(9, '团队协作', '1', false, 9, '#F8E8FF', 'due_date'),
(10, '项目管理', '1', false, 10, '#E8F8FF', 'created_date'),
(11, '质量保证', '1', false, 11, '#FFE8E8', 'priority'),
(12, '用户体验', '1', false, 12, '#E8FFE8', 'due_date');

-- 初始化卡片数据
INSERT INTO card (id, title, description, status, end_time, space_id) VALUES 
(1, '完成代码编辑', '实现前端界面的代码编辑功能', false, '2026-02-10 18:00:00', 1),
(2, '设计用户界面', '设计应用的主要用户界面', false, '2026-02-08 12:00:00', 1),
(3, '测试功能模块', '对已完成的功能进行全面测试', false, '2026-02-12 15:00:00', 1),
(4, 'API 接口开发', '开发后端 REST API 接口', true, '2026-02-09 10:00:00', 2),
(5, '数据库设计', '设计应用的数据库结构', true, '2026-02-07 16:00:00', 2),
(6, '部署配置', '配置生产环境的部署流程', false, '2026-02-15 14:00:00', 2),
(7, '图标设计', '设计应用的图标和 Logo', false, '2026-02-11 11:00:00', 3),
(8, '色彩方案', '确定应用的整体色彩方案', true, '2026-02-06 09:00:00', 3),
(9, '单元测试', '编写单元测试用例', false, '2026-02-13 10:00:00', 4),
(10, '集成测试', '执行系统集成测试', false, '2026-02-14 14:00:00', 4),
(11, '需求分析', '分析产品功能需求', true, '2026-02-05 16:00:00', 5),
(12, '竞品分析', '研究竞争对手产品', false, '2026-02-16 12:00:00', 5),
(13, '社交媒体', '制定社交媒体推广策略', false, '2026-02-17 15:00:00', 6),
(14, '广告投放', '规划线上广告投放', false, '2026-02-18 11:00:00', 6),
(15, '用户调研', '收集用户使用反馈', true, '2026-02-04 13:00:00', 7),
(16, '问题跟踪', '跟踪和解决用户问题', false, '2026-02-19 09:00:00', 7),
(17, '新技术调研', '研究前沿技术方案', false, '2026-02-20 16:00:00', 8),
(18, '性能优化', '优化系统性能表现', true, '2026-02-03 14:00:00', 8),
(19, '团队会议', '定期团队沟通会议', false, '2026-02-21 10:00:00', 9),
(20, '知识分享', '团队技术知识分享', false, '2026-02-22 15:00:00', 9),
(21, '进度跟踪', '跟踪项目整体进度', true, '2026-02-02 11:00:00', 10),
(22, '风险评估', '评估项目潜在风险', false, '2026-02-23 13:00:00', 10),
(23, '代码审查', '进行代码质量审查', false, '2026-02-24 12:00:00', 11),
(24, '文档完善', '完善技术文档', false, '2026-02-25 16:00:00', 11),
(25, '用户访谈', '进行用户体验访谈', true, '2026-02-01 10:00:00', 12),
(26, '界面优化', '优化用户界面体验', false, '2026-02-26 14:00:00', 12);

-- 初始化卡片标签关联数据
INSERT INTO card_tag (card_id, tag_id) VALUES 
(1, 1), (1, 5),  -- 完成代码编辑: 非紧急, 开发
(2, 2), (2, 4),  -- 设计用户界面: 进行中, 设计
(3, 3), (3, 6),  -- 测试功能模块: 高优先级, 测试
(4, 2), (4, 5),  -- API 接口开发: 进行中, 开发
(5, 2), (5, 5),  -- 数据库设计: 进行中, 开发
(6, 1), (6, 5),  -- 部署配置: 非紧急, 开发
(7, 1), (7, 4),  -- 图标设计: 非紧急, 设计
(8, 2), (8, 4),  -- 色彩方案: 进行中, 设计
(9, 3), (9, 6),  -- 单元测试: 高优先级, 测试
(10, 2), (10, 6), -- 集成测试: 进行中, 测试
(11, 2), (11, 1), -- 需求分析: 进行中, 非紧急
(12, 1), (12, 1), -- 竞品分析: 非紧急, 非紧急
(13, 1), (13, 2), -- 社交媒体: 非紧急, 进行中
(14, 3), (14, 2), -- 广告投放: 高优先级, 进行中
(15, 2), (15, 1), -- 用户调研: 进行中, 非紧急
(16, 3), (16, 1), -- 问题跟踪: 高优先级, 非紧急
(17, 1), (17, 5), -- 新技术调研: 非紧急, 开发
(18, 2), (18, 5), -- 性能优化: 进行中, 开发
(19, 2), (19, 1), -- 团队会议: 进行中, 非紧急
(20, 1), (20, 1), -- 知识分享: 非紧急, 非紧急
(21, 2), (21, 1), -- 进度跟踪: 进行中, 非紧急
(22, 3), (22, 1), -- 风险评估: 高优先级, 非紧急
(23, 2), (23, 6), -- 代码审查: 进行中, 测试
(24, 1), (24, 5), -- 文档完善: 非紧急, 开发
(25, 2), (25, 4), -- 用户访谈: 进行中, 设计
(26, 1), (26, 4); -- 界面优化: 非紧急, 设计